trades_taken,win_rate,net_pnl,pnl_per_trade,edge,total_commissions,method,model
49489,0.1639758330133969,60364.619999999995,1.2197583301339692,0.12197583301339691,20785.38,blending,rank_averaging
40909,0.1638025862279694,49828.22,1.218025862279694,0.1218025862279694,17181.78,individual,cv_lstm_avg
37858,0.16907919065983412,48109.64,1.270791906598341,0.12707919065983414,15900.359999999999,individual,lstm
30834,0.16851527534539792,39009.72,1.2651527534539795,0.12651527534539792,12950.279999999999,blending,optimal_weights
15621,0.17162793675180846,20249.18,1.2962793675180846,0.12962793675180845,6560.82,blending,confidence_weighted
2816,0.2254971590909091,5167.28,1.834971590909091,0.18349715909090908,1182.72,individual,lightgbm
1480,0.1608108108108108,1758.4,1.1881081081081082,0.11881081081081081,621.6,stacking,neural_network
