trades_taken,win_rate,net_pnl,pnl_per_trade,edge,total_commissions,method,model
80125,0.43493291731669265,314837.5,3.9293291731669266,0.39293291731669266,33652.5,stacking,neural_network
71100,0.4350210970464135,279438.0,3.930210970464135,0.3930210970464135,29862.0,individual,lstm
59955,0.43043949628888334,232888.9,3.884394962888833,0.38843949628888336,25181.1,blending,rank_averaging
58433,0.43270069994694776,228298.14,3.9070069994694783,0.3907006999469478,24541.86,blending,optimal_weights
56039,0.4359820839058513,220783.62,3.9398208390585125,0.3939820839058513,23536.379999999997,individual,cv_lstm_avg
39828,0.425328914331626,152672.24,3.8332891433162595,0.383328914331626,16727.76,blending,confidence_weighted
10021,0.42440874164255066,38321.18,3.8240874164255065,0.3824087416425507,4208.82,individual,lightgbm
