threshold,trades_taken,win_rate,net_pnl,pnl_per_trade,edge,total_commissions,model,position_sizing
0.3,88500,0.4474689265536723,358840.0,4.054689265536723,0.40546892655367234,37170.0,lightgbm,fixed
0.35,88500,0.4474689265536723,358840.0,4.054689265536723,0.40546892655367234,37170.0,lightgbm,fixed
0.4,88418,0.4474767581261734,358514.44,4.054767581261734,0.4054767581261734,37135.56,lightgbm,fixed
0.3,46527,0.4507275345498313,190168.66,4.087275345498313,0.4087275345498313,19541.34,lightgbm,confidence
0.35,46527,0.4507275345498313,190168.66,4.087275345498313,0.4087275345498313,19541.34,lightgbm,confidence
0.4,46445,0.4507481967919044,189843.1,4.087481967919044,0.40874819679190444,19506.899999999998,lightgbm,confidence
